id,name,model_id:id,group_id:id,perm_read,perm_write,perm_create,perm_unlink
access_otm_placement_program_user,otm.placement.program.user,model_otm_placement_program,group_placement_user,1,0,0,0
access_otm_placement_program_manager,otm.placement.program.manager,model_otm_placement_program,group_placement_manager,1,1,1,0
access_otm_placement_program_admin,otm.placement.program.admin,model_otm_placement_program,group_placement_administrator,1,1,1,1
access_otm_placement_support_area_user,otm.placement.support.area.user,model_otm_placement_support_area,group_placement_user,1,0,0,0
access_otm_placement_support_area_manager,otm.placement.support.area.manager,model_otm_placement_support_area,group_placement_manager,1,1,1,0
access_otm_placement_support_area_admin,otm.placement.support.area.admin,model_otm_placement_support_area,group_placement_administrator,1,1,1,1
access_otm_placement_candidate_user,otm.placement.candidate.user,model_otm_placement_candidate,group_placement_user,1,1,1,0
access_otm_placement_candidate_manager,otm.placement.candidate.manager,model_otm_placement_candidate,group_placement_manager,1,1,1,1
access_otm_placement_interview_slot_user,otm.placement.interview.slot.user,model_otm_placement_interview_slot,group_placement_user,1,1,1,0
access_otm_placement_interview_slot_manager,otm.placement.interview.slot.manager,model_otm_placement_interview_slot,group_placement_manager,1,1,1,1
access_otm_placement_mock_interview_user,otm.placement.mock.interview.user,model_otm_placement_mock_interview,group_placement_user,1,1,1,0
access_otm_placement_mock_interview_manager,otm.placement.mock.interview.manager,model_otm_placement_mock_interview,group_placement_manager,1,1,1,1
access_otm_placement_record_user,otm.placement.record.user,model_otm_placement_record,group_placement_user,1,1,1,0
access_otm_placement_record_manager,otm.placement.record.manager,model_otm_placement_record,group_placement_manager,1,1,1,1
access_otm_placement_reschedule_request_user,otm.placement.reschedule.request.user,model_otm_placement_reschedule_request,group_placement_user,1,1,1,0
access_otm_placement_reschedule_request_manager,otm.placement.reschedule.request.manager,model_otm_placement_reschedule_request,group_placement_manager,1,1,1,1
access_otm_placement_slot_generator_manager,otm.placement.slot.generator.manager,model_otm_placement_slot_generator,group_placement_manager,1,1,1,1
access_otm_placement_old_erp_settings_admin,otm.placement.old.erp.settings.admin,model_otm_placement_old_erp_settings,group_placement_administrator,1,1,1,0
access_otm_placement_old_erp_settings_manager_read,otm.placement.old.erp.settings.manager.read,model_otm_placement_old_erp_settings,group_placement_manager,1,0,0,0
